DVD_ID,Title,IMDB_ID
1,Disturbia ,tt0486822
2,Ultraviolet ,tt0370032
3,Madagascar 2,tt0479952
4,Dreamer: Inspired by a True Story,tt0418647
5,Kinky Boots,tt0434124
6,Friends (series 1),tt0108778
13,Paranormal Activity 2,tt1536044
14,The Lovely Bones,tt0380510
15,The Fourth Kind,tt1220198
16,Diary of a Wimpy Kid,tt1196141
17,Prince of Persia: The Sands of Time,tt0473075
18,Daddy Day Care,tt0317303
19,Brooklyn's Finest,tt1210042
20,Repo Men,tt1053424
21,The International,tt0963178
22,The Jungle Book,tt0061852
23,AVP: Alien vs. Predator,tt0370263
24,The Interpreter,tt0373926
25,The Bourne Supremacy,tt0372183
26,The Rite,tt1161864
27,Calzaghe vs Lacey,
28,Muse - Lime,
29,Brother Bear,tt0328880
30,Marley & Me,tt0822832
31,Outlaw ,tt0758771
32,Oasis - Stop the clock,
33,Raise Your Voice,tt0361696
34,Hatton Hitman,
35,Thank You for Smoking,tt0427944
36,There Will Be Blood,tt0469494
37,Stealth,tt0382992
38,P2,tt0804516
39,The Ring 2,tt0377109
40,The 4400 (series 3),tt0389564
44,Rocky ,tt0075148
45,Rocky II,tt0079817
46,Rocky III ,tt0084602
47,Rocky IV,tt0089927
48,Rocky V,tt0100507
49,Rocky Balboa,tt0479143
50,Garden State,tt0333766
51,P.S. I Love You,tt0431308
52,Dumb and Dumberer: When Harry Met Lloyd,tt0329028
53,Alvin and the Chipmunks,tt0952640
54,Run Fatboy Run,tt0425413
55,The Water Horse,tt0760329
56,"I, Robot",tt0343818
57,The Butterfly Effect 3: Revelations,tt1234541
58,Domino,tt0421054
59,Tom and Jerry,tt0274294
60,Hide ,tt0827181
61,Nothing Like the Holidays,tt1151915
62,Star Trek,tt0796366
63,The Who - n their own words,tt0796366
64,Yes Man,tt1068680
65,The Girl Next Door,tt0265208
66,The X Files: I Want to Believe,tt0443701
67,Ocean's Twelve,tt0349903
68,Foo Fighters - Live at pinkpop,
69,Saw II,tt0432348
71,The Bank Job,tt0200465
72,National Treasure: Book of Secrets,tt0465234
73,Lady and the Tramp,tt0048280
74,Lady and the Tramp 2: Scamp's Adventure,tt0249677
75,True Blood (series 1),tt0844441
80,Knight and Day,tt1013743
81,Thomas the Tank Engine & Friends,tt0086815
82,The Chronicles of Narnia: The Voyage of the Dawn Treader,tt0980970
83,The Ballad of Jack and Rose,tt0357110
84,I Am Legend (alternative cut),tt0480249
85,TMNT ,tt0453556
86,Roadrunner roadrage,
87,Nirvana Unplugged in New york,
88,The Bourne Ultimatum,tt0440963
89,The Simpsons Movie,tt0462538
90,"10,000 BC",tt0443649
91,Sin City,tt0401792
92,Borat: Cultural Learnings of America for Make Benefit Glorious Nation of Kazakhstan,tt0443453
93,WALLÂ·E,tt0910970
94,A Man Apart,tt0266465
95,The Da Vinci Code,tt0382625
96,Twilight ,tt1099212
97,Equilibrium ,tt0238380
98,Norbit,tt0477051
99,Marley & Me,tt0822832
100,The Forgotten,tt0356618
101,The Fast and the Furious,tt0232500
102,Hitman,tt0465494
103,Shark Tale,tt0307453
104,Vanity Fair,tt0241025
105,Cradle 2 the Grave,tt0306685
106,The Last Exorcism,tt1320244
107,The Lion King,tt0110357
108,Planet Earth,tt0795176
113,Shrek Forever After,tt0892791
114,Alice in Wonderland,tt1014759
115,Salt ,tt0944835
116,Splice,tt1017460
117,Takers ,tt1135084
118,Alpha and Omega,tt1213012
119,District 9,tt1136608
120,2001: A Space Odyssey,tt0062622
121,Ice Age: The Meltdown,tt0438097
122,Ratatouille,tt0382932
123,Resident Evil: Extinction,tt0432021
124,Led Zeppelin - LKive at Knebworth 1979,
125,Sex and the City,tt1000774
126,Rango ,tt1192628
127,The Jungle Book,tt0061852
128,Iron Man 2,tt1228705
129,Finding Nemo,tt0266543
130,Paranormal Activity,tt1179904
131,Faster ,tt1433108
132,Smallville (series 5),tt0279600
138,Crazy heart,tt1263670
139,The Princess and the Frog,tt0780521
140,Green Zone,tt0947810
141,A Bridge Too Far,tt0075784
142,Blood Diamond,tt0450259
143,Ross Kemp in Afghanistan,tt1449998
144,V for Vendetta,tt0434409
145,The Lord of the Rings: The Fellowship of the Ring,tt0120737
147,The Lord of the Rings: The Two Towers,tt0167261
149,The Lord of the Rings: The Return of the King,tt0167260
151,The Exorcism of Emily Rose,tt0404032
152,King Kong,tt0360717
153,Helloween Helish Videos,
154,White Noise,tt0375210
155,Lord of War,tt0399295
156,The Dukes of Hazzard,tt0377818
157,2 Fast 2 Furious,tt0322259
158,Peter Kay Live at the tower,
159,Boat Trip,tt0285462
160,Gangs of New York,tt0217505
161,The Bone Collector,tt0145681
162,Lee evans XL tour,
163,Phoenix Nights (series 1),tt0273379
164,Phoenix Nights (series 2),tt0273379
165,Toy Story 2,tt0120363
166,The Bourne Supremacy,tt0372183
167,Bruce Almighty,tt0315327
168,Grey's Anatomy (series 2),tt0413573
175,Somewhere ,tt1421051
176,The Terminal,tt0362227
177,Sahara ,tt0318649
178,The Chronicles of Riddick,tt0296572
179,The town,tt0840361
180,The Matrix,tt0133093
181,The King's Speech,tt1504320
182,Unstoppable,tt0477080
183,Four Lions,tt1341167
184,Walk the Line,tt0358273
185,Sweeny Todd ,tt0408236
186,I Am Legend,tt0480249
187,Vantage Point,tt0443274
188,Bad Boys II ,tt0172156
189,AVPR: Aliens vs Predator - Requiem,tt0758730
190,The Forgotten,tt0356618
191,S.W.A.T.,tt0257076
192,No Country for Old Men,tt0477348
193,American History X,tt0120586
194,Land of the Lost,tt0457400
195,Red Dragon,tt0289765
196,Billy Connolly Live 2002,
197,Vanilla Sky,tt0259711
198,Con Air,tt0118880
199,Scooby Doo 2: Monsters Unleashed,tt0331632
200,The Ladykillers,tt0335245
201,Star Wars: Clone Wars,tt0361243
202,Timeline,tt0300556
203,Evanescence,
204,Sky Captain and the World of Tomorrow,tt0346156
205,Cellular ,tt0337921
206,Ladder 49,tt0349710
207,Elf ,tt0319343
208,Donnie Darko,tt0246578
209,Suspect Zero,tt0324127
210,Hackers,tt0113243